"acronym","Hugo_Symbol","mut_only","cnv_positive","cnv_negative","nothing","cnv_positive_mut","cnv_negative_mut","p.value","odds","p.adj"
"BLCA","ARID1A",71,963,2846,6586,25,23,0.259231032208908,0.749694049726435,0.657282840714163
"BLCA","EPHA2",13,1139,2720,6615,1,3,0.581750862571296,0.561257632178158,0.824513018726574
"BLCA","JAK1",4,1288,2122,7074,0,1,1,0.833429709514263,1
"BLCA","MACF1",17,1518,1965,6982,6,5,1,1.0450523875089,1
"BLCA","THRAP3",8,1378,2104,6996,1,3,0.724092269715669,1.24687853137498,0.95104656320864
"BRCA","APOB",2,1944,925,7613,5,1,0.291295804407413,4.11445920020129,0.657282840714163
"BRCA","ASXL2",4,1966,913,7603,3,3,0.0310800145110777,6.24316100984995,0.248640116088621
"BRCA","CASP8",8,1502,1307,7668,5,1,1,0.733382095973636,1
"BRCA","CSDE1",1,1359,2197,6930,0,2,0.146056965250849,6.30700866427588,0.558826649655423
"BRCA","DNMT3A",2,1950,913,7622,2,1,0.288029640643281,4.17340140867609,0.657282840714163
"BRCA","EPAS1",2,1986,804,7696,0,1,0.258004696387753,4.78457520545893,0.657282840714163
"BRCA","MSH2",2,1998,792,7696,0,1,0.254853977400264,4.85701544947573,0.657282840714163
"BRCA","NFE2L2",2,1703,1088,7695,0,1,0.327689524977649,3.53519517230377,0.703737057481715
"BRCA","NRAS",1,1354,2197,6936,0,1,0.423351429168271,3.15653815047477,0.74711856466103
"BRCA","SF3B1",15,1595,1135,7742,1,2,1,0.909480406520921,1
"BRCA","TXNIP",1,3471,937,6079,0,1,0.249465116533137,6.48480353615374,0.657282840714163
"BRCA","XPO1",5,2017,744,7721,1,1,0.424499184466494,2.07530184131902,0.74711856466103
"CESC","ERBB4",2,1380,1674,7432,0,1,0.456470237668206,2.21960467824688,0.7647531295442
"CESC","KIF1A",1,1206,1996,7285,0,1,0.383988516146604,3.64952098940516,0.738339712953664
"CESC","MLH1",2,1079,3050,6356,1,2,0.599760820613777,2.08380941312213,0.824671128343943
"CESC","TGFBR2",1,1110,3016,6357,1,4,0.0398777594026726,8.42903301037555,0.292436902286266
"COAD","MECOM",18,3522,801,6149,0,1,0.716272696092223,0.426518082752995,0.95104656320864
"COAD","PBRM1",13,933,3392,6151,2,2,0.103003501767358,0.2790110348628,0.539613651551142
"COAD","PIK3CA",131,3430,809,6128,17,10,0.109298582549829,0.578264992740162,0.539613651551142
"COAD","POLQ",7,2606,1151,6725,0,1,1,0.83469605988722,1
"COAD","ZBTB20",19,2566,1253,6652,0,1,0.350659421871891,0.279441730022905,0.717628584295963
"ESCA","KIT",0,1171,2157,7158,2,1,0.231644482610563,Inf,0.657282840714163
"ESCA","TET2",0,617,3029,6841,0,2,0.0942458566397944,Inf,0.539613651551142
"GBM","FBXW7",1,669,3130,6687,1,1,0.536086191228479,2.13628707278619,0.813372152208727
"GBM","PIK3R1",32,1088,2910,6457,1,3,0.00282862389726537,0.208030578942218,0.0414864838265587
"HNSC","HLA-A",15,2110,1346,7015,2,3,1,1.04234906637056,1
"HNSC","HLA-B",15,2130,1352,6992,0,1,0.495011663852766,0.344802200887721,0.778273796312814
"HNSC","PIM1",0,2075,1328,7085,0,1,0.157951033990967,Inf,0.563395398724743
"KIRC","CUL1",2,3608,1085,5793,1,1,0.40273075252018,2.66902067264016,0.738339712953664
"KIRC","KMT2C",6,3583,1182,5716,1,1,1,0.806002676000715,1
"LGG","CDKN2A",0,972,4148,5368,0,1,0.435956709046969,Inf,0.752239027375162
"LGG","COL5A1",0,1413,2596,6479,0,1,0.286139268400176,Inf,0.657282840714163
"LGG","JAK2",0,1326,3403,5759,0,1,0.371494052166321,Inf,0.738339712953664
"LGG","NOTCH1",40,1480,2554,6418,2,2,0.00020765715094964,0.12566073442544,0.00365476585671366
"LGG","PSIP1",1,1222,3484,5781,0,1,1,1.65913513815556,1
"LGG","RXRA",0,1419,2585,6484,0,1,0.285115766262404,Inf,0.657282840714163
"LIHC","FGFR2",0,992,3054,6441,0,2,0.103523136246901,Inf,0.539613651551142
"LIHC","PTEN",2,768,3350,6366,0,4,0.190894911457942,3.79960825515074,0.646105854165341
"LIHC","TCF7L2",1,910,3131,6445,2,1,0.547093135911316,2.05833411258846,0.816003321359251
"LUAD","INPPL1",1,1703,1683,7101,0,1,0.346617924905367,4.21829815209738,0.717628584295963
"LUAD","MEN1",1,1446,1628,7412,1,1,0.327877492690344,4.55175377499873,0.703737057481715
"LUAD","WT1",2,1223,1986,7275,2,1,0.515355737271733,1.83140933238187,0.795636927717764
"LUSC","ATM",6,1121,2767,6589,3,4,0.495044130696898,1.58743444134336,0.778273796312814
"LUSC","CHD4",3,2578,1164,6739,5,2,0.160055511001347,3.85878900353339,0.563395398724743
"LUSC","ERBB3",0,2118,1050,7319,1,1,0.125567502986858,Inf,0.558826649655423
"LUSC","KMT2A",5,1144,2768,6570,2,2,1,0.94942745674641,1
"LUSC","KMT2D",55,1906,1164,7341,30,8,1,0.917330672677057,1
"LUSC","PGR",8,1337,2414,6729,1,1,0.460589953020939,0.348445293761644,0.7647531295442
"OV","ATXN3",0,1352,2612,6524,0,1,0.285980080989384,Inf,0.657282840714163
"OV","BRCA2",2,1362,3300,5818,1,7,0.0137746047182352,6.16937191068771,0.151520651900587
"OV","DICER1",2,1360,2616,6511,0,1,1,1.24446860748841,1
"OV","FLT3",2,1393,3161,5933,0,1,1,0.938471350445052,1
"OV","LATS2",2,1347,3192,5948,0,1,1,0.931706483757486,1
"OV","PDS5B",0,1359,3306,5822,0,2,0.131251933914969,Inf,0.558826649655423
"OV","RB1",6,1225,3716,5533,1,8,0.2747272990655,1.9851731951443,0.657282840714163
"OV","ZMYM2",1,1365,3164,5957,1,1,1,1.88267366307594,1
"PRAD","ZFHX3",8,1389,3018,6072,1,4,1,1.00596472458354,1
"READ","MAP2K4",2,862,3902,5721,0,3,0.401259106632931,2.19909622438806,0.738339712953664
"READ","TP53",36,809,3982,5598,3,77,2.20533304669324e-08,3.00657037045045,6.46897693696683e-07
"SARC","NF1",6,1836,1954,6690,1,2,1,1.14125631430295,1
"SKCM","AXIN2",0,2670,1141,6677,0,1,0.146054482670418,Inf,0.558826649655423
"SKCM","PRKAR1A",2,2721,1106,6659,0,3,0.0231649596042065,9.02666525922438,0.22650182724113
"SKCM","SETBP1",7,1033,3314,6134,1,3,1,0.79325001669845,1
"SKCM","SMAD2",2,1001,3384,6099,2,1,1,0.901151852545463,1
"SKCM","SMAD4",1,903,3529,6054,0,2,0.559040006522813,3.43054196884539,0.819925342900126
"SKCM","TGIF1",0,1715,2402,6371,0,1,0.273877364941874,Inf,0.657282840714163
"STAD","CACNA1A",10,1904,1786,6788,2,2,1,0.760159864078788,1
"STAD","CREB3L3",1,1371,2639,6477,0,1,0.495265143108155,2.45407736057775,0.778273796312814
"STAD","EEF2",5,1348,2676,6459,0,1,0.67820559691925,0.48276769675775,0.918186038906062
"STAD","PIK3R2",3,1933,1631,6922,0,1,0.571134416149622,1.41460900437547,0.823931616740438
"STAD","SMARCA4",6,1838,1921,6717,2,7,0.0128779791356444,4.0787903076252,0.151520651900587
"STAD","STK11",2,1335,2788,6362,0,2,0.590276365679252,2.28172315721943,0.824513018726574
"TGCT","ARHGAP35",0,1801,2024,6663,0,1,0.233080110497238,Inf,0.657282840714163
"UCEC","AMER1",14,1510,1832,7132,0,2,0.755016567401066,0.556183837293894,0.977080263695497
"UCEC","BCOR",14,1271,2198,7006,0,2,0.387360235761622,0.455404275085978,0.738339712953664
"UCEC","CHEK2",14,1328,2971,6174,0,2,0.110375519635461,0.296908545968188,0.539613651551142
"UCEC","DMD",87,1286,2443,6708,3,1,7.39518269041451e-11,0.03156546501379,6.50776076756477e-09
"UCEC","EP300",59,1241,3170,6027,1,2,5.34566855586059e-09,0.0644586589437648,2.35209416457866e-07
"UCEC","KDM6A",15,1310,2186,6979,0,1,0.140337430005799,0.212858919090829,0.558826649655423
"UCEC","PLXNB2",16,1168,3399,5903,1,3,0.0919014199468298,0.325661307366337,0.539613651551142
"UCEC","SMC1A",14,1404,1983,7085,1,3,1,0.765639543083353,1
"UCEC","TAF1",58,1434,1850,7141,5,6,0.0283087746455136,0.399333250730285,0.248640116088621
"UCEC","USP9X",47,1262,2207,6977,5,1,5.31877433209522e-05,0.0672705510737934,0.00117013035306095
